dataset,arm,seed,gate_index,model,auc_roc,accuracy,overall_fairness_passed,attribute,disparate_impact,demographic_parity_difference,equal_opportunity_difference,protected,excluded_groups,violation,decision,decision_reason
adult,A,42,0,XGBoost,0.9297,0.8734,False,age,0.0148,0.2469,0.3145,True,,True,approve,arm approves at the first gate
adult,A,42,0,XGBoost,0.9297,0.8734,False,sex,0.3116,0.1814,0.1005,True,,True,approve,arm approves at the first gate
adult,A,42,0,XGBoost,0.9297,0.8734,False,race,0.1974,0.1878,0.2026,True,,True,approve,arm approves at the first gate
adult,A,42,0,XGBoost,0.9297,0.8734,False,marital-status,0.0397,0.3943,0.368,False,Married-AF-spouse=4,True,approve,arm approves at the first gate
adult,A,42,0,XGBoost,0.9297,0.8734,False,occupation,0.0,0.5196,0.6536,False,Armed-Forces=2,True,approve,arm approves at the first gate
adult,A,7,0,XGBoost,0.9253,0.8706,False,age,0.0123,0.2404,0.3176,True,,True,approve,arm approves at the first gate
adult,A,7,0,XGBoost,0.9253,0.8706,False,sex,0.2501,0.197,0.1792,True,,True,approve,arm approves at the first gate
adult,A,7,0,XGBoost,0.9253,0.8706,False,race,0.2336,0.229,0.252,True,,True,approve,arm approves at the first gate
adult,A,7,0,XGBoost,0.9253,0.8706,False,marital-status,0.0495,0.3785,0.312,False,Married-AF-spouse=9,True,approve,arm approves at the first gate
adult,A,7,0,XGBoost,0.9253,0.8706,False,occupation,0.0,0.4586,0.6537,False,Armed-Forces=2,True,approve,arm approves at the first gate
adult,A,19,0,XGBoost,0.9274,0.8756,False,age,0.0276,0.2363,0.1498,True,,True,approve,arm approves at the first gate
adult,A,19,0,XGBoost,0.9274,0.8756,False,sex,0.3134,0.1788,0.0949,True,,True,approve,arm approves at the first gate
adult,A,19,0,XGBoost,0.9274,0.8756,False,race,0.3185,0.1573,0.317,True,,True,approve,arm approves at the first gate
adult,A,19,0,XGBoost,0.9274,0.8756,False,marital-status,0.0547,0.375,0.4718,False,Married-AF-spouse=8,True,approve,arm approves at the first gate
adult,A,19,0,XGBoost,0.9274,0.8756,False,occupation,0.0,0.4931,0.5581,False,Armed-Forces=2,True,approve,arm approves at the first gate
adult,A,73,0,XGBoost,0.9291,0.8711,False,age,0.033,0.2373,0.1825,True,,True,approve,arm approves at the first gate
adult,A,73,0,XGBoost,0.9291,0.8711,False,sex,0.2988,0.1833,0.1093,True,,True,approve,arm approves at the first gate
adult,A,73,0,XGBoost,0.9291,0.8711,False,race,0.2156,0.1681,0.3556,True,,True,approve,arm approves at the first gate
adult,A,73,0,XGBoost,0.9291,0.8711,False,marital-status,0.0554,0.3785,0.3282,False,Married-AF-spouse=6,True,approve,arm approves at the first gate
adult,A,73,0,XGBoost,0.9291,0.8711,False,occupation,0.0,0.4877,0.6664,False,Armed-Forces=5,True,approve,arm approves at the first gate
adult,A,128,0,XGBoost,0.9259,0.8695,False,age,0.0234,0.2461,0.2393,True,,True,approve,arm approves at the first gate
adult,A,128,0,XGBoost,0.9259,0.8695,False,sex,0.3268,0.1749,0.0339,True,,True,approve,arm approves at the first gate
adult,A,128,0,XGBoost,0.9259,0.8695,False,race,0.2121,0.2218,0.3391,True,,True,approve,arm approves at the first gate
adult,A,128,0,XGBoost,0.9259,0.8695,False,marital-status,0.0621,0.3745,0.3278,False,Married-AF-spouse=9,True,approve,arm approves at the first gate
adult,A,128,0,XGBoost,0.9259,0.8695,False,occupation,0.0,0.535,0.6285,False,Armed-Forces=4,True,approve,arm approves at the first gate
adult,B,42,0,XGBoost,0.9297,0.8734,False,age,0.0148,0.2469,0.3145,True,,True,approve,arm approves at the first gate
adult,B,42,0,XGBoost,0.9297,0.8734,False,sex,0.3116,0.1814,0.1005,True,,True,approve,arm approves at the first gate
adult,B,42,0,XGBoost,0.9297,0.8734,False,race,0.1974,0.1878,0.2026,True,,True,approve,arm approves at the first gate
adult,B,42,0,XGBoost,0.9297,0.8734,False,marital-status,0.0397,0.3943,0.368,False,Married-AF-spouse=4,True,approve,arm approves at the first gate
adult,B,42,0,XGBoost,0.9297,0.8734,False,occupation,0.0,0.5196,0.6536,False,Armed-Forces=2,True,approve,arm approves at the first gate
adult,B,7,0,XGBoost,0.9253,0.8706,False,age,0.0123,0.2404,0.3176,True,,True,approve,arm approves at the first gate
adult,B,7,0,XGBoost,0.9253,0.8706,False,sex,0.2501,0.197,0.1792,True,,True,approve,arm approves at the first gate
adult,B,7,0,XGBoost,0.9253,0.8706,False,race,0.2336,0.229,0.252,True,,True,approve,arm approves at the first gate
adult,B,7,0,XGBoost,0.9253,0.8706,False,marital-status,0.0495,0.3785,0.312,False,Married-AF-spouse=9,True,approve,arm approves at the first gate
adult,B,7,0,XGBoost,0.9253,0.8706,False,occupation,0.0,0.4586,0.6537,False,Armed-Forces=2,True,approve,arm approves at the first gate
adult,B,19,0,XGBoost,0.9274,0.8756,False,age,0.0276,0.2363,0.1498,True,,True,approve,arm approves at the first gate
adult,B,19,0,XGBoost,0.9274,0.8756,False,sex,0.3134,0.1788,0.0949,True,,True,approve,arm approves at the first gate
adult,B,19,0,XGBoost,0.9274,0.8756,False,race,0.3185,0.1573,0.317,True,,True,approve,arm approves at the first gate
adult,B,19,0,XGBoost,0.9274,0.8756,False,marital-status,0.0547,0.375,0.4718,False,Married-AF-spouse=8,True,approve,arm approves at the first gate
adult,B,19,0,XGBoost,0.9274,0.8756,False,occupation,0.0,0.4931,0.5581,False,Armed-Forces=2,True,approve,arm approves at the first gate
adult,B,73,0,XGBoost,0.9291,0.8711,False,age,0.033,0.2373,0.1825,True,,True,approve,arm approves at the first gate
adult,B,73,0,XGBoost,0.9291,0.8711,False,sex,0.2988,0.1833,0.1093,True,,True,approve,arm approves at the first gate
adult,B,73,0,XGBoost,0.9291,0.8711,False,race,0.2156,0.1681,0.3556,True,,True,approve,arm approves at the first gate
adult,B,73,0,XGBoost,0.9291,0.8711,False,marital-status,0.0554,0.3785,0.3282,False,Married-AF-spouse=6,True,approve,arm approves at the first gate
adult,B,73,0,XGBoost,0.9291,0.8711,False,occupation,0.0,0.4877,0.6664,False,Armed-Forces=5,True,approve,arm approves at the first gate
adult,B,128,0,XGBoost,0.9259,0.8695,False,age,0.0234,0.2461,0.2393,True,,True,approve,arm approves at the first gate
adult,B,128,0,XGBoost,0.9259,0.8695,False,sex,0.3268,0.1749,0.0339,True,,True,approve,arm approves at the first gate
adult,B,128,0,XGBoost,0.9259,0.8695,False,race,0.2121,0.2218,0.3391,True,,True,approve,arm approves at the first gate
adult,B,128,0,XGBoost,0.9259,0.8695,False,marital-status,0.0621,0.3745,0.3278,False,Married-AF-spouse=9,True,approve,arm approves at the first gate
adult,B,128,0,XGBoost,0.9259,0.8695,False,occupation,0.0,0.535,0.6285,False,Armed-Forces=4,True,approve,arm approves at the first gate
adult,C,42,0,XGBoost,0.9297,0.8734,False,age,0.0148,0.2469,0.3145,True,,True,reject_model_or_fairness,fairness violation with reroutes remaining
adult,C,42,0,XGBoost,0.9297,0.8734,False,sex,0.3116,0.1814,0.1005,True,,True,reject_model_or_fairness,fairness violation with reroutes remaining
adult,C,42,0,XGBoost,0.9297,0.8734,False,race,0.1974,0.1878,0.2026,True,,True,reject_model_or_fairness,fairness violation with reroutes remaining
adult,C,42,0,XGBoost,0.9297,0.8734,False,marital-status,0.0397,0.3943,0.368,False,Married-AF-spouse=4,True,reject_model_or_fairness,fairness violation with reroutes remaining
adult,C,42,0,XGBoost,0.9297,0.8734,False,occupation,0.0,0.5196,0.6536,False,Armed-Forces=2,True,reject_model_or_fairness,fairness violation with reroutes remaining
adult,C,42,1,RandomForest,0.905,0.8535,False,age,0.0151,0.2419,0.4069,True,,True,reject_model_or_fairness,fairness violation with reroutes remaining
adult,C,42,1,RandomForest,0.905,0.8535,False,sex,0.2883,0.1837,0.1035,True,,True,reject_model_or_fairness,fairness violation with reroutes remaining
adult,C,42,1,RandomForest,0.905,0.8535,False,race,0.2169,0.1668,0.0694,True,,True,reject_model_or_fairness,fairness violation with reroutes remaining
adult,C,42,1,RandomForest,0.905,0.8535,False,marital-status,0.0408,0.3834,0.4253,False,Married-AF-spouse=4,True,reject_model_or_fairness,fairness violation with reroutes remaining
adult,C,42,1,RandomForest,0.905,0.8535,False,occupation,0.0,0.4793,0.6823,False,Armed-Forces=2,True,reject_model_or_fairness,fairness violation with reroutes remaining
adult,C,42,2,LogisticRegression,0.8798,0.8292,False,age,0.0301,0.2638,0.2465,True,,True,approve,violation remains but reroutes are exhausted
adult,C,42,2,LogisticRegression,0.8798,0.8292,False,sex,0.2856,0.1573,0.0939,True,,True,approve,violation remains but reroutes are exhausted
adult,C,42,2,LogisticRegression,0.8798,0.8292,False,race,0.201,0.1836,0.3042,True,,True,approve,violation remains but reroutes are exhausted
adult,C,42,2,LogisticRegression,0.8798,0.8292,False,marital-status,0.0333,0.3312,0.3633,False,Married-AF-spouse=4,True,approve,violation remains but reroutes are exhausted
adult,C,42,2,LogisticRegression,0.8798,0.8292,False,occupation,0.0,0.4217,0.6788,False,Armed-Forces=2,True,approve,violation remains but reroutes are exhausted
adult,C,7,0,XGBoost,0.9253,0.8706,False,age,0.0123,0.2404,0.3176,True,,True,reject_model_or_fairness,fairness violation with reroutes remaining
adult,C,7,0,XGBoost,0.9253,0.8706,False,sex,0.2501,0.197,0.1792,True,,True,reject_model_or_fairness,fairness violation with reroutes remaining
adult,C,7,0,XGBoost,0.9253,0.8706,False,race,0.2336,0.229,0.252,True,,True,reject_model_or_fairness,fairness violation with reroutes remaining
adult,C,7,0,XGBoost,0.9253,0.8706,False,marital-status,0.0495,0.3785,0.312,False,Married-AF-spouse=9,True,reject_model_or_fairness,fairness violation with reroutes remaining
adult,C,7,0,XGBoost,0.9253,0.8706,False,occupation,0.0,0.4586,0.6537,False,Armed-Forces=2,True,reject_model_or_fairness,fairness violation with reroutes remaining
adult,C,7,1,RandomForest,0.9016,0.853,False,age,0.0191,0.2317,0.1815,True,,True,reject_model_or_fairness,fairness violation with reroutes remaining
adult,C,7,1,RandomForest,0.9016,0.853,False,sex,0.2461,0.193,0.1671,True,,True,reject_model_or_fairness,fairness violation with reroutes remaining
adult,C,7,1,RandomForest,0.9016,0.853,False,race,0.2655,0.1931,0.2425,True,,True,reject_model_or_fairness,fairness violation with reroutes remaining
adult,C,7,1,RandomForest,0.9016,0.853,False,marital-status,0.0322,0.3813,0.347,False,Married-AF-spouse=9,True,reject_model_or_fairness,fairness violation with reroutes remaining
adult,C,7,1,RandomForest,0.9016,0.853,False,occupation,0.0,0.4265,0.6405,False,Armed-Forces=2,True,reject_model_or_fairness,fairness violation with reroutes remaining
adult,C,7,2,LogisticRegression,0.8748,0.8212,False,age,0.0316,0.2545,0.2545,True,,True,approve,violation remains but reroutes are exhausted
adult,C,7,2,LogisticRegression,0.8748,0.8212,False,sex,0.2676,0.1546,0.1088,True,,True,approve,violation remains but reroutes are exhausted
adult,C,7,2,LogisticRegression,0.8748,0.8212,False,race,0.1466,0.1938,0.4243,True,,True,approve,violation remains but reroutes are exhausted
adult,C,7,2,LogisticRegression,0.8748,0.8212,False,marital-status,0.0255,0.3245,0.3198,False,Married-AF-spouse=9,True,approve,violation remains but reroutes are exhausted
adult,C,7,2,LogisticRegression,0.8748,0.8212,False,occupation,0.0,0.4389,0.6145,False,Armed-Forces=2,True,approve,violation remains but reroutes are exhausted
adult,C,19,0,XGBoost,0.9274,0.8756,False,age,0.0276,0.2363,0.1498,True,,True,reject_model_or_fairness,fairness violation with reroutes remaining
adult,C,19,0,XGBoost,0.9274,0.8756,False,sex,0.3134,0.1788,0.0949,True,,True,reject_model_or_fairness,fairness violation with reroutes remaining
adult,C,19,0,XGBoost,0.9274,0.8756,False,race,0.3185,0.1573,0.317,True,,True,reject_model_or_fairness,fairness violation with reroutes remaining
adult,C,19,0,XGBoost,0.9274,0.8756,False,marital-status,0.0547,0.375,0.4718,False,Married-AF-spouse=8,True,reject_model_or_fairness,fairness violation with reroutes remaining
adult,C,19,0,XGBoost,0.9274,0.8756,False,occupation,0.0,0.4931,0.5581,False,Armed-Forces=2,True,reject_model_or_fairness,fairness violation with reroutes remaining
adult,C,19,1,RandomForest,0.9047,0.858,False,age,0.0348,0.2274,0.1224,True,,True,reject_model_or_fairness,fairness violation with reroutes remaining
adult,C,19,1,RandomForest,0.9047,0.858,False,sex,0.3101,0.1755,0.1224,True,,True,reject_model_or_fairness,fairness violation with reroutes remaining
adult,C,19,1,RandomForest,0.9047,0.858,False,race,0.389,0.1316,0.2533,True,,True,reject_model_or_fairness,fairness violation with reroutes remaining
adult,C,19,1,RandomForest,0.9047,0.858,False,marital-status,0.0463,0.3746,0.4285,False,Married-AF-spouse=8,True,reject_model_or_fairness,fairness violation with reroutes remaining
adult,C,19,1,RandomForest,0.9047,0.858,False,occupation,0.0,0.4665,0.4995,False,Armed-Forces=2,True,reject_model_or_fairness,fairness violation with reroutes remaining
adult,C,19,2,LogisticRegression,0.8775,0.8262,False,age,0.0357,0.2617,0.2098,True,,True,approve,violation remains but reroutes are exhausted
adult,C,19,2,LogisticRegression,0.8775,0.8262,False,sex,0.2597,0.1611,0.163,True,,True,approve,violation remains but reroutes are exhausted
adult,C,19,2,LogisticRegression,0.8775,0.8262,False,race,0.2097,0.1824,0.3,True,,True,approve,violation remains but reroutes are exhausted
adult,C,19,2,LogisticRegression,0.8775,0.8262,False,marital-status,0.0358,0.3205,0.3713,False,Married-AF-spouse=8,True,approve,violation remains but reroutes are exhausted
adult,C,19,2,LogisticRegression,0.8775,0.8262,False,occupation,0.0,0.4185,0.5593,False,Armed-Forces=2,True,approve,violation remains but reroutes are exhausted
adult,C,73,0,XGBoost,0.9291,0.8711,False,age,0.033,0.2373,0.1825,True,,True,reject_model_or_fairness,fairness violation with reroutes remaining
adult,C,73,0,XGBoost,0.9291,0.8711,False,sex,0.2988,0.1833,0.1093,True,,True,reject_model_or_fairness,fairness violation with reroutes remaining
adult,C,73,0,XGBoost,0.9291,0.8711,False,race,0.2156,0.1681,0.3556,True,,True,reject_model_or_fairness,fairness violation with reroutes remaining
adult,C,73,0,XGBoost,0.9291,0.8711,False,marital-status,0.0554,0.3785,0.3282,False,Married-AF-spouse=6,True,reject_model_or_fairness,fairness violation with reroutes remaining
adult,C,73,0,XGBoost,0.9291,0.8711,False,occupation,0.0,0.4877,0.6664,False,Armed-Forces=5,True,reject_model_or_fairness,fairness violation with reroutes remaining
adult,C,73,1,RandomForest,0.9059,0.8534,False,age,0.0324,0.242,0.2001,True,,True,reject_model_or_fairness,fairness violation with reroutes remaining
adult,C,73,1,RandomForest,0.9059,0.8534,False,sex,0.289,0.1904,0.1033,True,,True,reject_model_or_fairness,fairness violation with reroutes remaining
adult,C,73,1,RandomForest,0.9059,0.8534,False,race,0.2134,0.1703,0.3218,True,,True,reject_model_or_fairness,fairness violation with reroutes remaining
adult,C,73,1,RandomForest,0.9059,0.8534,False,marital-status,0.0487,0.3943,0.3659,False,Married-AF-spouse=6,True,reject_model_or_fairness,fairness violation with reroutes remaining
adult,C,73,1,RandomForest,0.9059,0.8534,False,occupation,0.0,0.4641,0.5348,False,Armed-Forces=5,True,reject_model_or_fairness,fairness violation with reroutes remaining
adult,C,73,2,LogisticRegression,0.8829,0.8317,False,age,0.0416,0.2375,0.1904,True,,True,approve,violation remains but reroutes are exhausted
adult,C,73,2,LogisticRegression,0.8829,0.8317,False,sex,0.2749,0.1625,0.1102,True,,True,approve,violation remains but reroutes are exhausted
adult,C,73,2,LogisticRegression,0.8829,0.8317,False,race,0.0773,0.1838,0.4588,True,,True,approve,violation remains but reroutes are exhausted
adult,C,73,2,LogisticRegression,0.8829,0.8317,False,marital-status,0.0379,0.335,0.3317,False,Married-AF-spouse=6,True,approve,violation remains but reroutes are exhausted
adult,C,73,2,LogisticRegression,0.8829,0.8317,False,occupation,0.0,0.4802,0.6571,False,Armed-Forces=5,True,approve,violation remains but reroutes are exhausted
adult,C,128,0,XGBoost,0.9259,0.8695,False,age,0.0234,0.2461,0.2393,True,,True,reject_model_or_fairness,fairness violation with reroutes remaining
adult,C,128,0,XGBoost,0.9259,0.8695,False,sex,0.3268,0.1749,0.0339,True,,True,reject_model_or_fairness,fairness violation with reroutes remaining
adult,C,128,0,XGBoost,0.9259,0.8695,False,race,0.2121,0.2218,0.3391,True,,True,reject_model_or_fairness,fairness violation with reroutes remaining
adult,C,128,0,XGBoost,0.9259,0.8695,False,marital-status,0.0621,0.3745,0.3278,False,Married-AF-spouse=9,True,reject_model_or_fairness,fairness violation with reroutes remaining
adult,C,128,0,XGBoost,0.9259,0.8695,False,occupation,0.0,0.535,0.6285,False,Armed-Forces=4,True,reject_model_or_fairness,fairness violation with reroutes remaining
adult,C,128,1,RandomForest,0.902,0.8504,False,age,0.0238,0.242,0.296,True,,True,reject_model_or_fairness,fairness violation with reroutes remaining
adult,C,128,1,RandomForest,0.902,0.8504,False,sex,0.2946,0.1817,0.0791,True,,True,reject_model_or_fairness,fairness violation with reroutes remaining
adult,C,128,1,RandomForest,0.902,0.8504,False,race,0.1904,0.1905,0.2072,True,,True,reject_model_or_fairness,fairness violation with reroutes remaining
adult,C,128,1,RandomForest,0.902,0.8504,False,marital-status,0.0434,0.3815,0.3582,False,Married-AF-spouse=9,True,reject_model_or_fairness,fairness violation with reroutes remaining
adult,C,128,1,RandomForest,0.902,0.8504,False,occupation,0.0,0.5015,0.5899,False,Armed-Forces=4,True,reject_model_or_fairness,fairness violation with reroutes remaining
adult,C,128,2,LogisticRegression,0.8764,0.8235,False,age,0.0317,0.2721,0.2929,True,,True,approve,violation remains but reroutes are exhausted
adult,C,128,2,LogisticRegression,0.8764,0.8235,False,sex,0.2802,0.1603,0.0907,True,,True,approve,violation remains but reroutes are exhausted
adult,C,128,2,LogisticRegression,0.8764,0.8235,False,race,0.0622,0.2246,0.3652,True,,True,approve,violation remains but reroutes are exhausted
adult,C,128,2,LogisticRegression,0.8764,0.8235,False,marital-status,0.0383,0.3317,0.2932,False,Married-AF-spouse=9,True,approve,violation remains but reroutes are exhausted
adult,C,128,2,LogisticRegression,0.8764,0.8235,False,occupation,0.0,0.4125,0.5322,False,Armed-Forces=4,True,approve,violation remains but reroutes are exhausted
adult,D,42,0,XGBoost,0.9297,0.8734,False,age,0.0148,0.2469,0.3145,True,,True,reject_and_mitigate,fairness violation with reroutes remaining: mitigate
adult,D,42,0,XGBoost,0.9297,0.8734,False,sex,0.3116,0.1814,0.1005,True,,True,reject_and_mitigate,fairness violation with reroutes remaining: mitigate
adult,D,42,0,XGBoost,0.9297,0.8734,False,race,0.1974,0.1878,0.2026,True,,True,reject_and_mitigate,fairness violation with reroutes remaining: mitigate
adult,D,42,0,XGBoost,0.9297,0.8734,False,marital-status,0.0397,0.3943,0.368,False,Married-AF-spouse=4,True,reject_and_mitigate,fairness violation with reroutes remaining: mitigate
adult,D,42,0,XGBoost,0.9297,0.8734,False,occupation,0.0,0.5196,0.6536,False,Armed-Forces=2,True,reject_and_mitigate,fairness violation with reroutes remaining: mitigate
adult,D,42,1,XGBoost,0.9261,0.8706,False,age,0.102,0.1964,0.0626,True,,True,reject_and_mitigate,fairness violation with reroutes remaining: mitigate
adult,D,42,1,XGBoost,0.9261,0.8706,False,sex,0.3229,0.1577,0.0753,True,,True,reject_and_mitigate,fairness violation with reroutes remaining: mitigate
adult,D,42,1,XGBoost,0.9261,0.8706,False,race,0.2216,0.1623,0.15,True,,True,reject_and_mitigate,fairness violation with reroutes remaining: mitigate
adult,D,42,1,XGBoost,0.9261,0.8706,False,marital-status,0.0441,0.3465,0.3647,False,Married-AF-spouse=4,True,reject_and_mitigate,fairness violation with reroutes remaining: mitigate
adult,D,42,1,XGBoost,0.9261,0.8706,False,occupation,0.0,0.4835,0.6534,False,Armed-Forces=2,True,reject_and_mitigate,fairness violation with reroutes remaining: mitigate
adult,D,42,2,XGBoost,0.9256,0.8715,False,age,0.1102,0.1914,0.0544,True,,True,approve,violation remains but reroutes are exhausted
adult,D,42,2,XGBoost,0.9256,0.8715,False,sex,0.3189,0.1574,0.0693,True,,True,approve,violation remains but reroutes are exhausted
adult,D,42,2,XGBoost,0.9256,0.8715,False,race,0.2459,0.1417,0.0857,True,,True,approve,violation remains but reroutes are exhausted
adult,D,42,2,XGBoost,0.9256,0.8715,False,marital-status,0.0423,0.3445,0.3628,False,Married-AF-spouse=4,True,approve,violation remains but reroutes are exhausted
adult,D,42,2,XGBoost,0.9256,0.8715,False,occupation,0.0,0.4659,0.6409,False,Armed-Forces=2,True,approve,violation remains but reroutes are exhausted
adult,D,7,0,XGBoost,0.9253,0.8706,False,age,0.0123,0.2404,0.3176,True,,True,reject_and_mitigate,fairness violation with reroutes remaining: mitigate
adult,D,7,0,XGBoost,0.9253,0.8706,False,sex,0.2501,0.197,0.1792,True,,True,reject_and_mitigate,fairness violation with reroutes remaining: mitigate
adult,D,7,0,XGBoost,0.9253,0.8706,False,race,0.2336,0.229,0.252,True,,True,reject_and_mitigate,fairness violation with reroutes remaining: mitigate
adult,D,7,0,XGBoost,0.9253,0.8706,False,marital-status,0.0495,0.3785,0.312,False,Married-AF-spouse=9,True,reject_and_mitigate,fairness violation with reroutes remaining: mitigate
adult,D,7,0,XGBoost,0.9253,0.8706,False,occupation,0.0,0.4586,0.6537,False,Armed-Forces=2,True,reject_and_mitigate,fairness violation with reroutes remaining: mitigate
adult,D,7,1,XGBoost,0.9231,0.869,False,age,0.0491,0.2034,0.181,True,,True,reject_and_mitigate,fairness violation with reroutes remaining: mitigate
adult,D,7,1,XGBoost,0.9231,0.869,False,sex,0.2722,0.1695,0.1163,True,,True,reject_and_mitigate,fairness violation with reroutes remaining: mitigate
adult,D,7,1,XGBoost,0.9231,0.869,False,race,0.2025,0.2288,0.2879,True,,True,reject_and_mitigate,fairness violation with reroutes remaining: mitigate
adult,D,7,1,XGBoost,0.9231,0.869,False,marital-status,0.0303,0.3456,0.2699,False,Married-AF-spouse=9,True,reject_and_mitigate,fairness violation with reroutes remaining: mitigate
adult,D,7,1,XGBoost,0.9231,0.869,False,occupation,0.0,0.4172,0.6208,False,Armed-Forces=2,True,reject_and_mitigate,fairness violation with reroutes remaining: mitigate
adult,D,7,2,XGBoost,0.9229,0.8682,False,age,0.0606,0.1983,0.1763,True,,True,approve,violation remains but reroutes are exhausted
adult,D,7,2,XGBoost,0.9229,0.8682,False,sex,0.2764,0.167,0.1069,True,,True,approve,violation remains but reroutes are exhausted
adult,D,7,2,XGBoost,0.9229,0.8682,False,race,0.3169,0.1796,0.2576,True,,True,approve,violation remains but reroutes are exhausted
adult,D,7,2,XGBoost,0.9229,0.8682,False,marital-status,0.0471,0.3361,0.2522,False,Married-AF-spouse=9,True,approve,violation remains but reroutes are exhausted
adult,D,7,2,XGBoost,0.9229,0.8682,False,occupation,0.0,0.4151,0.6232,False,Armed-Forces=2,True,approve,violation remains but reroutes are exhausted
adult,D,19,0,XGBoost,0.9274,0.8756,False,age,0.0276,0.2363,0.1498,True,,True,reject_and_mitigate,fairness violation with reroutes remaining: mitigate
adult,D,19,0,XGBoost,0.9274,0.8756,False,sex,0.3134,0.1788,0.0949,True,,True,reject_and_mitigate,fairness violation with reroutes remaining: mitigate
adult,D,19,0,XGBoost,0.9274,0.8756,False,race,0.3185,0.1573,0.317,True,,True,reject_and_mitigate,fairness violation with reroutes remaining: mitigate
adult,D,19,0,XGBoost,0.9274,0.8756,False,marital-status,0.0547,0.375,0.4718,False,Married-AF-spouse=8,True,reject_and_mitigate,fairness violation with reroutes remaining: mitigate
adult,D,19,0,XGBoost,0.9274,0.8756,False,occupation,0.0,0.4931,0.5581,False,Armed-Forces=2,True,reject_and_mitigate,fairness violation with reroutes remaining: mitigate
adult,D,19,1,XGBoost,0.9246,0.8694,False,age,0.1113,0.1972,0.0764,True,,True,reject_and_mitigate,fairness violation with reroutes remaining: mitigate
adult,D,19,1,XGBoost,0.9246,0.8694,False,sex,0.301,0.1649,0.1215,True,,True,reject_and_mitigate,fairness violation with reroutes remaining: mitigate
adult,D,19,1,XGBoost,0.9246,0.8694,False,race,0.294,0.1765,0.3308,True,,True,reject_and_mitigate,fairness violation with reroutes remaining: mitigate
adult,D,19,1,XGBoost,0.9246,0.8694,False,marital-status,0.0519,0.3401,0.3385,False,Married-AF-spouse=8,True,reject_and_mitigate,fairness violation with reroutes remaining: mitigate
adult,D,19,1,XGBoost,0.9246,0.8694,False,occupation,0.0,0.4494,0.481,False,Armed-Forces=2,True,reject_and_mitigate,fairness violation with reroutes remaining: mitigate
adult,D,19,2,XGBoost,0.9237,0.8694,False,age,0.0875,0.2107,0.1182,True,,True,approve,violation remains but reroutes are exhausted
adult,D,19,2,XGBoost,0.9237,0.8694,False,sex,0.3015,0.1626,0.1157,True,,True,approve,violation remains but reroutes are exhausted
adult,D,19,2,XGBoost,0.9237,0.8694,False,race,0.3746,0.1227,0.3142,True,,True,approve,violation remains but reroutes are exhausted
adult,D,19,2,XGBoost,0.9237,0.8694,False,marital-status,0.0515,0.3355,0.3322,False,Married-AF-spouse=8,True,approve,violation remains but reroutes are exhausted
adult,D,19,2,XGBoost,0.9237,0.8694,False,occupation,0.0,0.4547,0.4685,False,Armed-Forces=2,True,approve,violation remains but reroutes are exhausted
adult,D,73,0,XGBoost,0.9291,0.8711,False,age,0.033,0.2373,0.1825,True,,True,reject_and_mitigate,fairness violation with reroutes remaining: mitigate
adult,D,73,0,XGBoost,0.9291,0.8711,False,sex,0.2988,0.1833,0.1093,True,,True,reject_and_mitigate,fairness violation with reroutes remaining: mitigate
adult,D,73,0,XGBoost,0.9291,0.8711,False,race,0.2156,0.1681,0.3556,True,,True,reject_and_mitigate,fairness violation with reroutes remaining: mitigate
adult,D,73,0,XGBoost,0.9291,0.8711,False,marital-status,0.0554,0.3785,0.3282,False,Married-AF-spouse=6,True,reject_and_mitigate,fairness violation with reroutes remaining: mitigate
adult,D,73,0,XGBoost,0.9291,0.8711,False,occupation,0.0,0.4877,0.6664,False,Armed-Forces=5,True,reject_and_mitigate,fairness violation with reroutes remaining: mitigate
adult,D,73,1,XGBoost,0.9273,0.8677,False,age,0.0812,0.2002,0.1648,True,,True,reject_and_mitigate,fairness violation with reroutes remaining: mitigate
adult,D,73,1,XGBoost,0.9273,0.8677,False,sex,0.3248,0.1578,0.0575,True,,True,reject_and_mitigate,fairness violation with reroutes remaining: mitigate
adult,D,73,1,XGBoost,0.9273,0.8677,False,race,0.2225,0.152,0.3088,True,,True,reject_and_mitigate,fairness violation with reroutes remaining: mitigate
adult,D,73,1,XGBoost,0.9273,0.8677,False,marital-status,0.0675,0.3331,0.2623,False,Married-AF-spouse=6,True,reject_and_mitigate,fairness violation with reroutes remaining: mitigate
adult,D,73,1,XGBoost,0.9273,0.8677,False,occupation,0.0,0.4775,0.6512,False,Armed-Forces=5,True,reject_and_mitigate,fairness violation with reroutes remaining: mitigate
adult,D,73,2,XGBoost,0.9276,0.869,False,age,0.0905,0.192,0.1172,True,,True,approve,violation remains but reroutes are exhausted
adult,D,73,2,XGBoost,0.9276,0.869,False,sex,0.32,0.1549,0.0728,True,,True,approve,violation remains but reroutes are exhausted
adult,D,73,2,XGBoost,0.9276,0.869,False,race,0.3506,0.1343,0.2768,True,,True,approve,violation remains but reroutes are exhausted
adult,D,73,2,XGBoost,0.9276,0.869,False,marital-status,0.0612,0.3285,0.2464,False,Married-AF-spouse=6,True,approve,violation remains but reroutes are exhausted
adult,D,73,2,XGBoost,0.9276,0.869,False,occupation,0.0,0.4714,0.5921,False,Armed-Forces=5,True,approve,violation remains but reroutes are exhausted
adult,D,128,0,XGBoost,0.9259,0.8695,False,age,0.0234,0.2461,0.2393,True,,True,reject_and_mitigate,fairness violation with reroutes remaining: mitigate
adult,D,128,0,XGBoost,0.9259,0.8695,False,sex,0.3268,0.1749,0.0339,True,,True,reject_and_mitigate,fairness violation with reroutes remaining: mitigate
adult,D,128,0,XGBoost,0.9259,0.8695,False,race,0.2121,0.2218,0.3391,True,,True,reject_and_mitigate,fairness violation with reroutes remaining: mitigate
adult,D,128,0,XGBoost,0.9259,0.8695,False,marital-status,0.0621,0.3745,0.3278,False,Married-AF-spouse=9,True,reject_and_mitigate,fairness violation with reroutes remaining: mitigate
adult,D,128,0,XGBoost,0.9259,0.8695,False,occupation,0.0,0.535,0.6285,False,Armed-Forces=4,True,reject_and_mitigate,fairness violation with reroutes remaining: mitigate
adult,D,128,1,XGBoost,0.9242,0.866,False,age,0.0761,0.2064,0.1346,True,,True,reject_and_mitigate,fairness violation with reroutes remaining: mitigate
adult,D,128,1,XGBoost,0.9242,0.866,False,sex,0.3081,0.1633,0.0652,True,,True,reject_and_mitigate,fairness violation with reroutes remaining: mitigate
adult,D,128,1,XGBoost,0.9242,0.866,False,race,0.2631,0.1672,0.0652,True,,True,reject_and_mitigate,fairness violation with reroutes remaining: mitigate
adult,D,128,1,XGBoost,0.9242,0.866,False,marital-status,0.0572,0.3394,0.2756,False,Married-AF-spouse=9,True,reject_and_mitigate,fairness violation with reroutes remaining: mitigate
adult,D,128,1,XGBoost,0.9242,0.866,False,occupation,0.0,0.4954,0.5723,False,Armed-Forces=4,True,reject_and_mitigate,fairness violation with reroutes remaining: mitigate
adult,D,128,2,XGBoost,0.9237,0.8658,False,age,0.0741,0.2038,0.1263,True,,True,approve,violation remains but reroutes are exhausted
adult,D,128,2,XGBoost,0.9237,0.8658,False,sex,0.3304,0.1546,0.0405,True,,True,approve,violation remains but reroutes are exhausted
adult,D,128,2,XGBoost,0.9237,0.8658,False,race,0.3808,0.1457,0.1812,True,,True,approve,violation remains but reroutes are exhausted
adult,D,128,2,XGBoost,0.9237,0.8658,False,marital-status,0.0579,0.335,0.27,False,Married-AF-spouse=9,True,approve,violation remains but reroutes are exhausted
adult,D,128,2,XGBoost,0.9237,0.8658,False,occupation,0.0,0.4934,0.5785,False,Armed-Forces=4,True,approve,violation remains but reroutes are exhausted
credit_g,A,42,0,LogisticRegression,0.7617,0.7375,,job,0.8537,0.1274,0.0594,False,high qualif/self emp/mgmt=26;unemp/unskilled non res=2,True,approve,arm approves at the first gate
credit_g,A,7,0,LogisticRegression,0.8211,0.8,,,,,,,,,approve,arm approves at the first gate
credit_g,A,19,0,RandomForest,0.8452,0.7625,,job,0.9961,0.0035,0.0459,False,high qualif/self emp/mgmt=22;unemp/unskilled non res=6,False,approve,arm approves at the first gate
credit_g,A,73,0,RandomForest,0.8031,0.7688,,job,0.9392,0.0513,0.0598,False,high qualif/self emp/mgmt=19;unemp/unskilled non res=3,False,approve,arm approves at the first gate
credit_g,A,128,0,RandomForest,0.794,0.7625,,,,,,,,,approve,arm approves at the first gate
credit_g,B,42,0,LogisticRegression,0.7617,0.7375,,job,0.8537,0.1274,0.0594,False,high qualif/self emp/mgmt=26;unemp/unskilled non res=2,True,approve,arm approves at the first gate
credit_g,B,7,0,LogisticRegression,0.8211,0.8,,,,,,,,,approve,arm approves at the first gate
credit_g,B,19,0,RandomForest,0.8452,0.7625,,job,0.9961,0.0035,0.0459,False,high qualif/self emp/mgmt=22;unemp/unskilled non res=6,False,approve,arm approves at the first gate
credit_g,B,73,0,RandomForest,0.8031,0.7688,,job,0.9392,0.0513,0.0598,False,high qualif/self emp/mgmt=19;unemp/unskilled non res=3,False,approve,arm approves at the first gate
credit_g,B,128,0,RandomForest,0.794,0.7625,,,,,,,,,approve,arm approves at the first gate
credit_g,C,42,0,LogisticRegression,0.7617,0.7375,,job,0.8537,0.1274,0.0594,False,high qualif/self emp/mgmt=26;unemp/unskilled non res=2,True,approve,"no violation, but a protected attribute was not audited"
credit_g,C,7,0,LogisticRegression,0.8211,0.8,,,,,,,,,approve,fairness not evaluated: no evidence to reject on
credit_g,C,19,0,RandomForest,0.8452,0.7625,,job,0.9961,0.0035,0.0459,False,high qualif/self emp/mgmt=22;unemp/unskilled non res=6,False,approve,"no violation, but a protected attribute was not audited"
credit_g,C,73,0,RandomForest,0.8031,0.7688,,job,0.9392,0.0513,0.0598,False,high qualif/self emp/mgmt=19;unemp/unskilled non res=3,False,approve,"no violation, but a protected attribute was not audited"
credit_g,C,128,0,RandomForest,0.794,0.7625,,,,,,,,,approve,fairness not evaluated: no evidence to reject on
credit_g,D,42,0,LogisticRegression,0.7617,0.7375,,job,0.8537,0.1274,0.0594,False,high qualif/self emp/mgmt=26;unemp/unskilled non res=2,True,approve,"no violation, but a protected attribute was not audited"
credit_g,D,7,0,LogisticRegression,0.8211,0.8,,,,,,,,,approve,fairness not evaluated: no evidence to reject on
credit_g,D,19,0,RandomForest,0.8452,0.7625,,job,0.9961,0.0035,0.0459,False,high qualif/self emp/mgmt=22;unemp/unskilled non res=6,False,approve,"no violation, but a protected attribute was not audited"
credit_g,D,73,0,RandomForest,0.8031,0.7688,,job,0.9392,0.0513,0.0598,False,high qualif/self emp/mgmt=19;unemp/unskilled non res=3,False,approve,"no violation, but a protected attribute was not audited"
credit_g,D,128,0,RandomForest,0.794,0.7625,,,,,,,,,approve,fairness not evaluated: no evidence to reject on
bank_marketing,A,42,0,LogisticRegression,0.7566,0.8941,False,age,0.1482,0.1374,0.2293,True,,True,approve,arm approves at the first gate
bank_marketing,A,42,0,LogisticRegression,0.7566,0.8941,False,marital,0.6593,0.0139,0.0375,False,,True,approve,arm approves at the first gate
bank_marketing,A,42,0,LogisticRegression,0.7566,0.8941,False,education,0.2317,0.0431,0.1234,False,,True,approve,arm approves at the first gate
bank_marketing,A,7,0,LogisticRegression,0.7515,0.894,False,age,0.1645,0.1285,0.1622,True,,True,approve,arm approves at the first gate
bank_marketing,A,7,0,LogisticRegression,0.7515,0.894,False,marital,0.6658,0.0133,0.02,False,,True,approve,arm approves at the first gate
bank_marketing,A,7,0,LogisticRegression,0.7515,0.894,False,education,0.3515,0.0297,0.1335,False,,True,approve,arm approves at the first gate
bank_marketing,A,19,0,LogisticRegression,0.7341,0.8923,False,age,0.2147,0.0896,0.1261,True,,True,approve,arm approves at the first gate
bank_marketing,A,19,0,LogisticRegression,0.7341,0.8923,False,marital,0.4791,0.0237,0.0398,False,,True,approve,arm approves at the first gate
bank_marketing,A,19,0,LogisticRegression,0.7341,0.8923,False,education,0.3204,0.0297,0.0769,False,,True,approve,arm approves at the first gate
bank_marketing,A,73,0,LogisticRegression,0.7611,0.8938,False,age,0.1629,0.1295,0.1897,True,,True,approve,arm approves at the first gate
bank_marketing,A,73,0,LogisticRegression,0.7611,0.8938,False,marital,0.5995,0.0159,0.0463,False,,True,approve,arm approves at the first gate
bank_marketing,A,73,0,LogisticRegression,0.7611,0.8938,False,education,0.3037,0.0337,0.1097,False,,True,approve,arm approves at the first gate
bank_marketing,A,128,0,XGBoost,0.7425,0.8908,False,age,0.0948,0.2138,0.2108,True,,True,approve,arm approves at the first gate
bank_marketing,A,128,0,XGBoost,0.7425,0.8908,False,marital,0.5297,0.0214,0.0248,False,,True,approve,arm approves at the first gate
bank_marketing,A,128,0,XGBoost,0.7425,0.8908,False,education,0.2508,0.0442,0.1376,False,,True,approve,arm approves at the first gate
bank_marketing,B,42,0,LogisticRegression,0.7566,0.8941,False,age,0.1482,0.1374,0.2293,True,,True,approve,arm approves at the first gate
bank_marketing,B,42,0,LogisticRegression,0.7566,0.8941,False,marital,0.6593,0.0139,0.0375,False,,True,approve,arm approves at the first gate
bank_marketing,B,42,0,LogisticRegression,0.7566,0.8941,False,education,0.2317,0.0431,0.1234,False,,True,approve,arm approves at the first gate
bank_marketing,B,7,0,LogisticRegression,0.7515,0.894,False,age,0.1645,0.1285,0.1622,True,,True,approve,arm approves at the first gate
bank_marketing,B,7,0,LogisticRegression,0.7515,0.894,False,marital,0.6658,0.0133,0.02,False,,True,approve,arm approves at the first gate
bank_marketing,B,7,0,LogisticRegression,0.7515,0.894,False,education,0.3515,0.0297,0.1335,False,,True,approve,arm approves at the first gate
bank_marketing,B,19,0,LogisticRegression,0.7341,0.8923,False,age,0.2147,0.0896,0.1261,True,,True,approve,arm approves at the first gate
bank_marketing,B,19,0,LogisticRegression,0.7341,0.8923,False,marital,0.4791,0.0237,0.0398,False,,True,approve,arm approves at the first gate
bank_marketing,B,19,0,LogisticRegression,0.7341,0.8923,False,education,0.3204,0.0297,0.0769,False,,True,approve,arm approves at the first gate
bank_marketing,B,73,0,LogisticRegression,0.7611,0.8938,False,age,0.1629,0.1295,0.1897,True,,True,approve,arm approves at the first gate
bank_marketing,B,73,0,LogisticRegression,0.7611,0.8938,False,marital,0.5995,0.0159,0.0463,False,,True,approve,arm approves at the first gate
bank_marketing,B,73,0,LogisticRegression,0.7611,0.8938,False,education,0.3037,0.0337,0.1097,False,,True,approve,arm approves at the first gate
bank_marketing,B,128,0,XGBoost,0.7425,0.8908,False,age,0.0948,0.2138,0.2108,True,,True,approve,arm approves at the first gate
bank_marketing,B,128,0,XGBoost,0.7425,0.8908,False,marital,0.5297,0.0214,0.0248,False,,True,approve,arm approves at the first gate
bank_marketing,B,128,0,XGBoost,0.7425,0.8908,False,education,0.2508,0.0442,0.1376,False,,True,approve,arm approves at the first gate
bank_marketing,C,42,0,LogisticRegression,0.7566,0.8941,False,age,0.1482,0.1374,0.2293,True,,True,reject_model_or_fairness,fairness violation with reroutes remaining
bank_marketing,C,42,0,LogisticRegression,0.7566,0.8941,False,marital,0.6593,0.0139,0.0375,False,,True,reject_model_or_fairness,fairness violation with reroutes remaining
bank_marketing,C,42,0,LogisticRegression,0.7566,0.8941,False,education,0.2317,0.0431,0.1234,False,,True,reject_model_or_fairness,fairness violation with reroutes remaining
bank_marketing,C,42,1,XGBoost,0.7504,0.8878,False,age,0.1149,0.2157,0.318,True,,True,reject_model_or_fairness,fairness violation with reroutes remaining
bank_marketing,C,42,1,XGBoost,0.7504,0.8878,False,marital,0.6503,0.0185,0.0216,False,,True,reject_model_or_fairness,fairness violation with reroutes remaining
bank_marketing,C,42,1,XGBoost,0.7504,0.8878,False,education,0.3494,0.0365,0.0965,False,,True,reject_model_or_fairness,fairness violation with reroutes remaining
bank_marketing,C,42,2,RandomForest,0.727,0.8837,False,age,0.1296,0.2371,0.3229,True,,True,approve,violation remains but reroutes are exhausted
bank_marketing,C,42,2,RandomForest,0.727,0.8837,False,marital,0.5267,0.0319,0.0823,False,,True,approve,violation remains but reroutes are exhausted
bank_marketing,C,42,2,RandomForest,0.727,0.8837,False,education,0.3362,0.046,0.1265,False,,True,approve,violation remains but reroutes are exhausted
bank_marketing,C,7,0,LogisticRegression,0.7515,0.894,False,age,0.1645,0.1285,0.1622,True,,True,reject_model_or_fairness,fairness violation with reroutes remaining
bank_marketing,C,7,0,LogisticRegression,0.7515,0.894,False,marital,0.6658,0.0133,0.02,False,,True,reject_model_or_fairness,fairness violation with reroutes remaining
bank_marketing,C,7,0,LogisticRegression,0.7515,0.894,False,education,0.3515,0.0297,0.1335,False,,True,reject_model_or_fairness,fairness violation with reroutes remaining
bank_marketing,C,7,1,XGBoost,0.7481,0.8925,False,age,0.093,0.2525,0.2832,True,,True,reject_model_or_fairness,fairness violation with reroutes remaining
bank_marketing,C,7,1,XGBoost,0.7481,0.8925,False,marital,0.6798,0.0154,0.0112,False,,True,reject_model_or_fairness,fairness violation with reroutes remaining
bank_marketing,C,7,1,XGBoost,0.7481,0.8925,False,education,0.3732,0.0346,0.111,False,,True,reject_model_or_fairness,fairness violation with reroutes remaining
bank_marketing,C,7,2,RandomForest,0.7228,0.8857,False,age,0.126,0.2401,0.2635,True,,True,approve,violation remains but reroutes are exhausted
bank_marketing,C,7,2,RandomForest,0.7228,0.8857,False,marital,0.6244,0.0234,0.0542,False,,True,approve,violation remains but reroutes are exhausted
bank_marketing,C,7,2,RandomForest,0.7228,0.8857,False,education,0.3951,0.0398,0.1458,False,,True,approve,violation remains but reroutes are exhausted
bank_marketing,C,19,0,LogisticRegression,0.7341,0.8923,False,age,0.2147,0.0896,0.1261,True,,True,reject_model_or_fairness,fairness violation with reroutes remaining
bank_marketing,C,19,0,LogisticRegression,0.7341,0.8923,False,marital,0.4791,0.0237,0.0398,False,,True,reject_model_or_fairness,fairness violation with reroutes remaining
bank_marketing,C,19,0,LogisticRegression,0.7341,0.8923,False,education,0.3204,0.0297,0.0769,False,,True,reject_model_or_fairness,fairness violation with reroutes remaining
bank_marketing,C,19,1,XGBoost,0.7333,0.8901,False,age,0.1389,0.1637,0.2445,True,,True,reject_model_or_fairness,fairness violation with reroutes remaining
bank_marketing,C,19,1,XGBoost,0.7333,0.8901,False,marital,0.4872,0.0281,0.0476,False,,True,reject_model_or_fairness,fairness violation with reroutes remaining
bank_marketing,C,19,1,XGBoost,0.7333,0.8901,False,education,0.3962,0.032,0.0653,False,,True,reject_model_or_fairness,fairness violation with reroutes remaining
bank_marketing,C,19,2,RandomForest,0.711,0.8835,False,age,0.1768,0.169,0.2566,True,,True,approve,violation remains but reroutes are exhausted
bank_marketing,C,19,2,RandomForest,0.711,0.8835,False,marital,0.4185,0.0421,0.1087,False,,True,approve,violation remains but reroutes are exhausted
bank_marketing,C,19,2,RandomForest,0.711,0.8835,False,education,0.3978,0.0383,0.0471,False,,True,approve,violation remains but reroutes are exhausted
bank_marketing,C,73,0,LogisticRegression,0.7611,0.8938,False,age,0.1629,0.1295,0.1897,True,,True,reject_model_or_fairness,fairness violation with reroutes remaining
bank_marketing,C,73,0,LogisticRegression,0.7611,0.8938,False,marital,0.5995,0.0159,0.0463,False,,True,reject_model_or_fairness,fairness violation with reroutes remaining
bank_marketing,C,73,0,LogisticRegression,0.7611,0.8938,False,education,0.3037,0.0337,0.1097,False,,True,reject_model_or_fairness,fairness violation with reroutes remaining
bank_marketing,C,73,1,XGBoost,0.7515,0.8897,False,age,0.0939,0.2701,0.3212,True,,True,reject_model_or_fairness,fairness violation with reroutes remaining
bank_marketing,C,73,1,XGBoost,0.7515,0.8897,False,marital,0.6271,0.0198,0.0625,False,,True,reject_model_or_fairness,fairness violation with reroutes remaining
bank_marketing,C,73,1,XGBoost,0.7515,0.8897,False,education,0.3745,0.0339,0.0877,False,,True,reject_model_or_fairness,fairness violation with reroutes remaining
bank_marketing,C,73,2,RandomForest,0.7264,0.8869,False,age,0.1161,0.2702,0.3575,True,,True,approve,violation remains but reroutes are exhausted
bank_marketing,C,73,2,RandomForest,0.7264,0.8869,False,marital,0.7116,0.0169,0.0835,False,,True,approve,violation remains but reroutes are exhausted
bank_marketing,C,73,2,RandomForest,0.7264,0.8869,False,education,0.3425,0.0478,0.0853,False,,True,approve,violation remains but reroutes are exhausted
bank_marketing,C,128,0,XGBoost,0.7425,0.8908,False,age,0.0948,0.2138,0.2108,True,,True,reject_model_or_fairness,fairness violation with reroutes remaining
bank_marketing,C,128,0,XGBoost,0.7425,0.8908,False,marital,0.5297,0.0214,0.0248,False,,True,reject_model_or_fairness,fairness violation with reroutes remaining
bank_marketing,C,128,0,XGBoost,0.7425,0.8908,False,education,0.2508,0.0442,0.1376,False,,True,reject_model_or_fairness,fairness violation with reroutes remaining
bank_marketing,C,128,1,LogisticRegression,0.7399,0.8922,False,age,0.1736,0.0976,0.0796,True,,True,reject_model_or_fairness,fairness violation with reroutes remaining
bank_marketing,C,128,1,LogisticRegression,0.7399,0.8922,False,marital,0.546,0.0158,0.0365,False,,True,reject_model_or_fairness,fairness violation with reroutes remaining
bank_marketing,C,128,1,LogisticRegression,0.7399,0.8922,False,education,0.1724,0.0312,0.1313,False,,True,reject_model_or_fairness,fairness violation with reroutes remaining
bank_marketing,C,128,2,RandomForest,0.7194,0.8844,False,age,0.1446,0.1987,0.1884,True,,True,approve,violation remains but reroutes are exhausted
bank_marketing,C,128,2,RandomForest,0.7194,0.8844,False,marital,0.5109,0.0291,0.0191,False,,True,approve,violation remains but reroutes are exhausted
bank_marketing,C,128,2,RandomForest,0.7194,0.8844,False,education,0.2663,0.046,0.097,False,,True,approve,violation remains but reroutes are exhausted
bank_marketing,D,42,0,LogisticRegression,0.7566,0.8941,False,age,0.1482,0.1374,0.2293,True,,True,reject_and_mitigate,fairness violation with reroutes remaining: mitigate
bank_marketing,D,42,0,LogisticRegression,0.7566,0.8941,False,marital,0.6593,0.0139,0.0375,False,,True,reject_and_mitigate,fairness violation with reroutes remaining: mitigate
bank_marketing,D,42,0,LogisticRegression,0.7566,0.8941,False,education,0.2317,0.0431,0.1234,False,,True,reject_and_mitigate,fairness violation with reroutes remaining: mitigate
bank_marketing,D,42,1,LogisticRegression,0.75,0.8933,False,age,0.185,0.111,0.1848,True,,True,reject_and_mitigate,fairness violation with reroutes remaining: mitigate
bank_marketing,D,42,1,LogisticRegression,0.75,0.8933,False,marital,0.5922,0.0168,0.0556,False,,True,reject_and_mitigate,fairness violation with reroutes remaining: mitigate
bank_marketing,D,42,1,LogisticRegression,0.75,0.8933,False,education,0.1591,0.0444,0.1383,False,,True,reject_and_mitigate,fairness violation with reroutes remaining: mitigate
bank_marketing,D,42,2,LogisticRegression,0.75,0.8933,False,age,0.185,0.111,0.1848,True,,True,approve,violation remains but reroutes are exhausted
bank_marketing,D,42,2,LogisticRegression,0.75,0.8933,False,marital,0.5922,0.0168,0.0556,False,,True,approve,violation remains but reroutes are exhausted
bank_marketing,D,42,2,LogisticRegression,0.75,0.8933,False,education,0.1591,0.0444,0.1383,False,,True,approve,violation remains but reroutes are exhausted
bank_marketing,D,7,0,LogisticRegression,0.7515,0.894,False,age,0.1645,0.1285,0.1622,True,,True,reject_and_mitigate,fairness violation with reroutes remaining: mitigate
bank_marketing,D,7,0,LogisticRegression,0.7515,0.894,False,marital,0.6658,0.0133,0.02,False,,True,reject_and_mitigate,fairness violation with reroutes remaining: mitigate
bank_marketing,D,7,0,LogisticRegression,0.7515,0.894,False,education,0.3515,0.0297,0.1335,False,,True,reject_and_mitigate,fairness violation with reroutes remaining: mitigate
bank_marketing,D,7,1,LogisticRegression,0.7456,0.8948,False,age,0.1986,0.1057,0.1325,True,,True,reject_and_mitigate,fairness violation with reroutes remaining: mitigate
bank_marketing,D,7,1,LogisticRegression,0.7456,0.8948,False,marital,0.6526,0.014,0.0184,False,,True,reject_and_mitigate,fairness violation with reroutes remaining: mitigate
bank_marketing,D,7,1,LogisticRegression,0.7456,0.8948,False,education,0.2891,0.0332,0.105,False,,True,reject_and_mitigate,fairness violation with reroutes remaining: mitigate
bank_marketing,D,7,2,LogisticRegression,0.7456,0.8948,False,age,0.1986,0.1057,0.1325,True,,True,approve,violation remains but reroutes are exhausted
bank_marketing,D,7,2,LogisticRegression,0.7456,0.8948,False,marital,0.6526,0.014,0.0184,False,,True,approve,violation remains but reroutes are exhausted
bank_marketing,D,7,2,LogisticRegression,0.7456,0.8948,False,education,0.2891,0.0332,0.105,False,,True,approve,violation remains but reroutes are exhausted
bank_marketing,D,19,0,LogisticRegression,0.7341,0.8923,False,age,0.2147,0.0896,0.1261,True,,True,reject_and_mitigate,fairness violation with reroutes remaining: mitigate
bank_marketing,D,19,0,LogisticRegression,0.7341,0.8923,False,marital,0.4791,0.0237,0.0398,False,,True,reject_and_mitigate,fairness violation with reroutes remaining: mitigate
bank_marketing,D,19,0,LogisticRegression,0.7341,0.8923,False,education,0.3204,0.0297,0.0769,False,,True,reject_and_mitigate,fairness violation with reroutes remaining: mitigate
bank_marketing,D,19,1,LogisticRegression,0.7223,0.8918,False,age,0.2826,0.0655,0.1494,True,,True,reject_and_mitigate,fairness violation with reroutes remaining: mitigate
bank_marketing,D,19,1,LogisticRegression,0.7223,0.8918,False,marital,0.4739,0.0242,0.0398,False,,True,reject_and_mitigate,fairness violation with reroutes remaining: mitigate
bank_marketing,D,19,1,LogisticRegression,0.7223,0.8918,False,education,0.2303,0.0351,0.1289,False,,True,reject_and_mitigate,fairness violation with reroutes remaining: mitigate
bank_marketing,D,19,2,LogisticRegression,0.7223,0.8918,False,age,0.2826,0.0655,0.1494,True,,True,approve,violation remains but reroutes are exhausted
bank_marketing,D,19,2,LogisticRegression,0.7223,0.8918,False,marital,0.4739,0.0242,0.0398,False,,True,approve,violation remains but reroutes are exhausted
bank_marketing,D,19,2,LogisticRegression,0.7223,0.8918,False,education,0.2303,0.0351,0.1289,False,,True,approve,violation remains but reroutes are exhausted
bank_marketing,D,73,0,LogisticRegression,0.7611,0.8938,False,age,0.1629,0.1295,0.1897,True,,True,reject_and_mitigate,fairness violation with reroutes remaining: mitigate
bank_marketing,D,73,0,LogisticRegression,0.7611,0.8938,False,marital,0.5995,0.0159,0.0463,False,,True,reject_and_mitigate,fairness violation with reroutes remaining: mitigate
bank_marketing,D,73,0,LogisticRegression,0.7611,0.8938,False,education,0.3037,0.0337,0.1097,False,,True,reject_and_mitigate,fairness violation with reroutes remaining: mitigate
bank_marketing,D,73,1,LogisticRegression,0.7618,0.8944,False,age,0.1792,0.1177,0.1728,True,,True,reject_and_mitigate,fairness violation with reroutes remaining: mitigate
bank_marketing,D,73,1,LogisticRegression,0.7618,0.8944,False,marital,0.5323,0.0188,0.0486,False,,True,reject_and_mitigate,fairness violation with reroutes remaining: mitigate
bank_marketing,D,73,1,LogisticRegression,0.7618,0.8944,False,education,0.2932,0.0311,0.0763,False,,True,reject_and_mitigate,fairness violation with reroutes remaining: mitigate
bank_marketing,D,73,2,LogisticRegression,0.7618,0.8944,False,age,0.1792,0.1177,0.1728,True,,True,approve,violation remains but reroutes are exhausted
bank_marketing,D,73,2,LogisticRegression,0.7618,0.8944,False,marital,0.5323,0.0188,0.0486,False,,True,approve,violation remains but reroutes are exhausted
bank_marketing,D,73,2,LogisticRegression,0.7618,0.8944,False,education,0.2932,0.0311,0.0763,False,,True,approve,violation remains but reroutes are exhausted
bank_marketing,D,128,0,XGBoost,0.7425,0.8908,False,age,0.0948,0.2138,0.2108,True,,True,reject_and_mitigate,fairness violation with reroutes remaining: mitigate
bank_marketing,D,128,0,XGBoost,0.7425,0.8908,False,marital,0.5297,0.0214,0.0248,False,,True,reject_and_mitigate,fairness violation with reroutes remaining: mitigate
bank_marketing,D,128,0,XGBoost,0.7425,0.8908,False,education,0.2508,0.0442,0.1376,False,,True,reject_and_mitigate,fairness violation with reroutes remaining: mitigate
bank_marketing,D,128,1,LogisticRegression,0.7321,0.892,False,age,0.2307,0.0727,0.0677,True,,True,reject_and_mitigate,fairness violation with reroutes remaining: mitigate
bank_marketing,D,128,1,LogisticRegression,0.7321,0.892,False,marital,0.5234,0.0173,0.025,False,,True,reject_and_mitigate,fairness violation with reroutes remaining: mitigate
bank_marketing,D,128,1,LogisticRegression,0.7321,0.892,False,education,0.1189,0.0341,0.1426,False,,True,reject_and_mitigate,fairness violation with reroutes remaining: mitigate
bank_marketing,D,128,2,LogisticRegression,0.7321,0.892,False,age,0.2307,0.0727,0.0677,True,,True,approve,violation remains but reroutes are exhausted
bank_marketing,D,128,2,LogisticRegression,0.7321,0.892,False,marital,0.5234,0.0173,0.025,False,,True,approve,violation remains but reroutes are exhausted
bank_marketing,D,128,2,LogisticRegression,0.7321,0.892,False,education,0.1189,0.0341,0.1426,False,,True,approve,violation remains but reroutes are exhausted
compas,A,42,0,LogisticRegression,0.7589,0.7053,False,sex,0.4595,0.2663,0.263,True,,True,approve,arm approves at the first gate
compas,A,42,0,LogisticRegression,0.7589,0.7053,False,age,0.2099,0.6453,0.332,True,,True,approve,arm approves at the first gate
compas,A,42,0,LogisticRegression,0.7589,0.7053,False,race,0.436,0.3204,0.3994,True,,True,approve,arm approves at the first gate
compas,A,42,0,LogisticRegression,0.7589,0.7053,False,age_cat,0.2336,0.6259,0.5265,True,,True,approve,arm approves at the first gate
compas,A,7,0,LogisticRegression,0.7281,0.6698,False,sex,0.4736,0.255,0.2107,True,,True,approve,arm approves at the first gate
compas,A,7,0,LogisticRegression,0.7281,0.6698,False,age,0.476,0.3865,0.2864,True,60+=25,True,approve,arm approves at the first gate
compas,A,7,0,LogisticRegression,0.7281,0.6698,False,race,0.585,0.2139,0.2397,True,,True,approve,arm approves at the first gate
compas,A,7,0,LogisticRegression,0.7281,0.6698,False,age_cat,0.1734,0.6097,0.5139,True,,True,approve,arm approves at the first gate
compas,A,19,0,LogisticRegression,0.7183,0.6805,False,sex,0.3607,0.3296,0.3609,True,,True,approve,arm approves at the first gate
compas,A,19,0,LogisticRegression,0.7183,0.6805,False,age,0.451,0.4324,0.3069,True,60+=27,True,approve,arm approves at the first gate
compas,A,19,0,LogisticRegression,0.7183,0.6805,False,race,0.4808,0.2939,0.2402,True,,True,approve,arm approves at the first gate
compas,A,19,0,LogisticRegression,0.7183,0.6805,False,age_cat,0.2482,0.5921,0.5188,True,,True,approve,arm approves at the first gate
compas,A,73,0,LogisticRegression,0.7492,0.6757,False,sex,0.3453,0.324,0.3285,True,,True,approve,arm approves at the first gate
compas,A,73,0,LogisticRegression,0.7492,0.6757,False,age,0.3735,0.5221,0.3857,True,60+=24,True,approve,arm approves at the first gate
compas,A,73,0,LogisticRegression,0.7492,0.6757,False,race,0.4992,0.2728,0.3514,True,,True,approve,arm approves at the first gate
compas,A,73,0,LogisticRegression,0.7492,0.6757,False,age_cat,0.2324,0.6396,0.5248,True,,True,approve,arm approves at the first gate
compas,A,128,0,LogisticRegression,0.7229,0.6722,False,sex,0.2693,0.3392,0.3868,True,,True,approve,arm approves at the first gate
compas,A,128,0,LogisticRegression,0.7229,0.6722,False,age,0.1494,0.6157,0.3072,True,,True,approve,arm approves at the first gate
compas,A,128,0,LogisticRegression,0.7229,0.6722,False,race,0.4575,0.2733,0.2734,True,,True,approve,arm approves at the first gate
compas,A,128,0,LogisticRegression,0.7229,0.6722,False,age_cat,0.1962,0.5818,0.5001,True,,True,approve,arm approves at the first gate
compas,B,42,0,LogisticRegression,0.7589,0.7053,False,sex,0.4595,0.2663,0.263,True,,True,approve,arm approves at the first gate
compas,B,42,0,LogisticRegression,0.7589,0.7053,False,age,0.2099,0.6453,0.332,True,,True,approve,arm approves at the first gate
compas,B,42,0,LogisticRegression,0.7589,0.7053,False,race,0.436,0.3204,0.3994,True,,True,approve,arm approves at the first gate
compas,B,42,0,LogisticRegression,0.7589,0.7053,False,age_cat,0.2336,0.6259,0.5265,True,,True,approve,arm approves at the first gate
compas,B,7,0,LogisticRegression,0.7281,0.6698,False,sex,0.4736,0.255,0.2107,True,,True,approve,arm approves at the first gate
compas,B,7,0,LogisticRegression,0.7281,0.6698,False,age,0.476,0.3865,0.2864,True,60+=25,True,approve,arm approves at the first gate
compas,B,7,0,LogisticRegression,0.7281,0.6698,False,race,0.585,0.2139,0.2397,True,,True,approve,arm approves at the first gate
compas,B,7,0,LogisticRegression,0.7281,0.6698,False,age_cat,0.1734,0.6097,0.5139,True,,True,approve,arm approves at the first gate
compas,B,19,0,LogisticRegression,0.7183,0.6805,False,sex,0.3607,0.3296,0.3609,True,,True,approve,arm approves at the first gate
compas,B,19,0,LogisticRegression,0.7183,0.6805,False,age,0.451,0.4324,0.3069,True,60+=27,True,approve,arm approves at the first gate
compas,B,19,0,LogisticRegression,0.7183,0.6805,False,race,0.4808,0.2939,0.2402,True,,True,approve,arm approves at the first gate
compas,B,19,0,LogisticRegression,0.7183,0.6805,False,age_cat,0.2482,0.5921,0.5188,True,,True,approve,arm approves at the first gate
compas,B,73,0,LogisticRegression,0.7492,0.6757,False,sex,0.3453,0.324,0.3285,True,,True,approve,arm approves at the first gate
compas,B,73,0,LogisticRegression,0.7492,0.6757,False,age,0.3735,0.5221,0.3857,True,60+=24,True,approve,arm approves at the first gate
compas,B,73,0,LogisticRegression,0.7492,0.6757,False,race,0.4992,0.2728,0.3514,True,,True,approve,arm approves at the first gate
compas,B,73,0,LogisticRegression,0.7492,0.6757,False,age_cat,0.2324,0.6396,0.5248,True,,True,approve,arm approves at the first gate
compas,B,128,0,LogisticRegression,0.7229,0.6722,False,sex,0.2693,0.3392,0.3868,True,,True,approve,arm approves at the first gate
compas,B,128,0,LogisticRegression,0.7229,0.6722,False,age,0.1494,0.6157,0.3072,True,,True,approve,arm approves at the first gate
compas,B,128,0,LogisticRegression,0.7229,0.6722,False,race,0.4575,0.2733,0.2734,True,,True,approve,arm approves at the first gate
compas,B,128,0,LogisticRegression,0.7229,0.6722,False,age_cat,0.1962,0.5818,0.5001,True,,True,approve,arm approves at the first gate
compas,C,42,0,LogisticRegression,0.7589,0.7053,False,sex,0.4595,0.2663,0.263,True,,True,reject_model_or_fairness,fairness violation with reroutes remaining
compas,C,42,0,LogisticRegression,0.7589,0.7053,False,age,0.2099,0.6453,0.332,True,,True,reject_model_or_fairness,fairness violation with reroutes remaining
compas,C,42,0,LogisticRegression,0.7589,0.7053,False,race,0.436,0.3204,0.3994,True,,True,reject_model_or_fairness,fairness violation with reroutes remaining
compas,C,42,0,LogisticRegression,0.7589,0.7053,False,age_cat,0.2336,0.6259,0.5265,True,,True,reject_model_or_fairness,fairness violation with reroutes remaining
compas,C,42,1,XGBoost,0.7409,0.6994,False,sex,0.6387,0.1601,0.1609,True,,True,reject_model_or_fairness,fairness violation with reroutes remaining
compas,C,42,1,XGBoost,0.7409,0.6994,False,age,0.1789,0.5246,0.1719,True,,True,reject_model_or_fairness,fairness violation with reroutes remaining
compas,C,42,1,XGBoost,0.7409,0.6994,False,race,0.5477,0.227,0.2049,True,,True,reject_model_or_fairness,fairness violation with reroutes remaining
compas,C,42,1,XGBoost,0.7409,0.6994,False,age_cat,0.3166,0.4366,0.397,True,,True,reject_model_or_fairness,fairness violation with reroutes remaining
compas,C,42,2,RandomForest,0.7041,0.6462,False,sex,0.695,0.1463,0.1812,True,,True,approve,violation remains but reroutes are exhausted
compas,C,42,2,RandomForest,0.7041,0.6462,False,age,0.3956,0.3492,0.0549,True,,True,approve,violation remains but reroutes are exhausted
compas,C,42,2,RandomForest,0.7041,0.6462,False,race,0.636,0.1919,0.1711,True,,True,approve,violation remains but reroutes are exhausted
compas,C,42,2,RandomForest,0.7041,0.6462,False,age_cat,0.4901,0.2946,0.2342,True,,True,approve,violation remains but reroutes are exhausted
compas,C,7,0,LogisticRegression,0.7281,0.6698,False,sex,0.4736,0.255,0.2107,True,,True,reject_model_or_fairness,fairness violation with reroutes remaining
compas,C,7,0,LogisticRegression,0.7281,0.6698,False,age,0.476,0.3865,0.2864,True,60+=25,True,reject_model_or_fairness,fairness violation with reroutes remaining
compas,C,7,0,LogisticRegression,0.7281,0.6698,False,race,0.585,0.2139,0.2397,True,,True,reject_model_or_fairness,fairness violation with reroutes remaining
compas,C,7,0,LogisticRegression,0.7281,0.6698,False,age_cat,0.1734,0.6097,0.5139,True,,True,reject_model_or_fairness,fairness violation with reroutes remaining
compas,C,7,1,XGBoost,0.6987,0.6497,False,sex,0.6169,0.1754,0.131,True,,True,reject_model_or_fairness,fairness violation with reroutes remaining
compas,C,7,1,XGBoost,0.6987,0.6497,False,age,0.6191,0.2319,0.1865,True,60+=25,True,reject_model_or_fairness,fairness violation with reroutes remaining
compas,C,7,1,XGBoost,0.6987,0.6497,False,race,0.6847,0.1516,0.2009,True,,True,reject_model_or_fairness,fairness violation with reroutes remaining
compas,C,7,1,XGBoost,0.6987,0.6497,False,age_cat,0.2769,0.4403,0.4274,True,,True,reject_model_or_fairness,fairness violation with reroutes remaining
compas,C,7,2,RandomForest,0.6648,0.6249,False,sex,0.7491,0.1182,0.1103,True,,True,approve,violation remains but reroutes are exhausted
compas,C,7,2,RandomForest,0.6648,0.6249,False,age,0.7147,0.1667,0.1411,True,60+=25,True,approve,violation remains but reroutes are exhausted
compas,C,7,2,RandomForest,0.6648,0.6249,False,race,0.7625,0.1169,0.1451,True,,True,approve,violation remains but reroutes are exhausted
compas,C,7,2,RandomForest,0.6648,0.6249,False,age_cat,0.4379,0.3284,0.3251,True,,True,approve,violation remains but reroutes are exhausted
compas,C,19,0,LogisticRegression,0.7183,0.6805,False,sex,0.3607,0.3296,0.3609,True,,True,reject_model_or_fairness,fairness violation with reroutes remaining
compas,C,19,0,LogisticRegression,0.7183,0.6805,False,age,0.451,0.4324,0.3069,True,60+=27,True,reject_model_or_fairness,fairness violation with reroutes remaining
compas,C,19,0,LogisticRegression,0.7183,0.6805,False,race,0.4808,0.2939,0.2402,True,,True,reject_model_or_fairness,fairness violation with reroutes remaining
compas,C,19,0,LogisticRegression,0.7183,0.6805,False,age_cat,0.2482,0.5921,0.5188,True,,True,reject_model_or_fairness,fairness violation with reroutes remaining
compas,C,19,1,XGBoost,0.6723,0.6284,False,sex,0.6079,0.18,0.2251,True,,True,reject_model_or_fairness,fairness violation with reroutes remaining
compas,C,19,1,XGBoost,0.6723,0.6284,False,age,0.5893,0.2554,0.2776,True,60+=27,True,reject_model_or_fairness,fairness violation with reroutes remaining
compas,C,19,1,XGBoost,0.6723,0.6284,False,race,0.5517,0.2308,0.2375,True,,True,reject_model_or_fairness,fairness violation with reroutes remaining
compas,C,19,1,XGBoost,0.6723,0.6284,False,age_cat,0.3684,0.3927,0.4581,True,,True,reject_model_or_fairness,fairness violation with reroutes remaining
compas,C,19,2,RandomForest,0.6541,0.6118,False,sex,0.7322,0.1297,0.1606,True,,True,approve,violation remains but reroutes are exhausted
compas,C,19,2,RandomForest,0.6541,0.6118,False,age,0.6373,0.2349,0.2196,True,60+=27,True,approve,violation remains but reroutes are exhausted
compas,C,19,2,RandomForest,0.6541,0.6118,False,race,0.6579,0.1815,0.1607,True,,True,approve,violation remains but reroutes are exhausted
compas,C,19,2,RandomForest,0.6541,0.6118,False,age_cat,0.3451,0.4242,0.4252,True,,True,approve,violation remains but reroutes are exhausted
compas,C,73,0,LogisticRegression,0.7492,0.6757,False,sex,0.3453,0.324,0.3285,True,,True,reject_model_or_fairness,fairness violation with reroutes remaining
compas,C,73,0,LogisticRegression,0.7492,0.6757,False,age,0.3735,0.5221,0.3857,True,60+=24,True,reject_model_or_fairness,fairness violation with reroutes remaining
compas,C,73,0,LogisticRegression,0.7492,0.6757,False,race,0.4992,0.2728,0.3514,True,,True,reject_model_or_fairness,fairness violation with reroutes remaining
compas,C,73,0,LogisticRegression,0.7492,0.6757,False,age_cat,0.2324,0.6396,0.5248,True,,True,reject_model_or_fairness,fairness violation with reroutes remaining
compas,C,73,1,XGBoost,0.7264,0.6722,False,sex,0.5436,0.2126,0.1424,True,,True,reject_model_or_fairness,fairness violation with reroutes remaining
compas,C,73,1,XGBoost,0.7264,0.6722,False,age,0.642,0.2106,0.2307,True,60+=24,True,reject_model_or_fairness,fairness violation with reroutes remaining
compas,C,73,1,XGBoost,0.7264,0.6722,False,race,0.6904,0.1508,0.2073,True,,True,reject_model_or_fairness,fairness violation with reroutes remaining
compas,C,73,1,XGBoost,0.7264,0.6722,False,age_cat,0.4272,0.3369,0.402,True,,True,reject_model_or_fairness,fairness violation with reroutes remaining
compas,C,73,2,RandomForest,0.6816,0.6473,False,sex,0.6339,0.1828,0.1599,True,,True,approve,violation remains but reroutes are exhausted
compas,C,73,2,RandomForest,0.6816,0.6473,False,age,0.6586,0.2142,0.2251,True,60+=24,True,approve,violation remains but reroutes are exhausted
compas,C,73,2,RandomForest,0.6816,0.6473,False,race,0.7959,0.1035,0.0931,True,,True,approve,violation remains but reroutes are exhausted
compas,C,73,2,RandomForest,0.6816,0.6473,False,age_cat,0.4755,0.3291,0.3286,True,,True,approve,violation remains but reroutes are exhausted
compas,C,128,0,LogisticRegression,0.7229,0.6722,False,sex,0.2693,0.3392,0.3868,True,,True,reject_model_or_fairness,fairness violation with reroutes remaining
compas,C,128,0,LogisticRegression,0.7229,0.6722,False,age,0.1494,0.6157,0.3072,True,,True,reject_model_or_fairness,fairness violation with reroutes remaining
compas,C,128,0,LogisticRegression,0.7229,0.6722,False,race,0.4575,0.2733,0.2734,True,,True,reject_model_or_fairness,fairness violation with reroutes remaining
compas,C,128,0,LogisticRegression,0.7229,0.6722,False,age_cat,0.1962,0.5818,0.5001,True,,True,reject_model_or_fairness,fairness violation with reroutes remaining
compas,C,128,1,XGBoost,0.704,0.658,False,sex,0.4636,0.2459,0.2199,True,,True,reject_model_or_fairness,fairness violation with reroutes remaining
compas,C,128,1,XGBoost,0.704,0.658,False,age,0.3965,0.3701,0.1948,True,,True,reject_model_or_fairness,fairness violation with reroutes remaining
compas,C,128,1,XGBoost,0.704,0.658,False,race,0.6399,0.1718,0.1597,True,,True,reject_model_or_fairness,fairness violation with reroutes remaining
compas,C,128,1,XGBoost,0.704,0.658,False,age_cat,0.2871,0.4372,0.3803,True,,True,reject_model_or_fairness,fairness violation with reroutes remaining
compas,C,128,2,RandomForest,0.6778,0.6331,False,sex,0.6529,0.1728,0.1938,True,,True,approve,violation remains but reroutes are exhausted
compas,C,128,2,RandomForest,0.6778,0.6331,False,age,0.3731,0.4087,0.2132,True,,True,approve,violation remains but reroutes are exhausted
compas,C,128,2,RandomForest,0.6778,0.6331,False,race,0.7704,0.117,0.1288,True,,True,approve,violation remains but reroutes are exhausted
compas,C,128,2,RandomForest,0.6778,0.6331,False,age_cat,0.4271,0.3735,0.3735,True,,True,approve,violation remains but reroutes are exhausted
compas,D,42,0,LogisticRegression,0.7589,0.7053,False,sex,0.4595,0.2663,0.263,True,,True,reject_and_mitigate,fairness violation with reroutes remaining: mitigate
compas,D,42,0,LogisticRegression,0.7589,0.7053,False,age,0.2099,0.6453,0.332,True,,True,reject_and_mitigate,fairness violation with reroutes remaining: mitigate
compas,D,42,0,LogisticRegression,0.7589,0.7053,False,race,0.436,0.3204,0.3994,True,,True,reject_and_mitigate,fairness violation with reroutes remaining: mitigate
compas,D,42,0,LogisticRegression,0.7589,0.7053,False,age_cat,0.2336,0.6259,0.5265,True,,True,reject_and_mitigate,fairness violation with reroutes remaining: mitigate
compas,D,42,1,LogisticRegression,0.7534,0.6994,False,sex,0.5453,0.1783,0.1687,True,,True,reject_and_mitigate,fairness violation with reroutes remaining: mitigate
compas,D,42,1,LogisticRegression,0.7534,0.6994,False,age,0.4576,0.2032,0.1262,True,,True,reject_and_mitigate,fairness violation with reroutes remaining: mitigate
compas,D,42,1,LogisticRegression,0.7534,0.6994,False,race,0.3994,0.2816,0.3281,True,,True,reject_and_mitigate,fairness violation with reroutes remaining: mitigate
compas,D,42,1,LogisticRegression,0.7534,0.6994,False,age_cat,0.5299,0.1949,0.185,True,,True,reject_and_mitigate,fairness violation with reroutes remaining: mitigate
compas,D,42,2,LogisticRegression,0.7458,0.6888,False,sex,0.5214,0.1905,0.1597,True,,True,approve,violation remains but reroutes are exhausted
compas,D,42,2,LogisticRegression,0.7458,0.6888,False,age,0.4595,0.2016,0.1929,True,,True,approve,violation remains but reroutes are exhausted
compas,D,42,2,LogisticRegression,0.7458,0.6888,False,race,0.788,0.0837,0.0507,True,,True,approve,violation remains but reroutes are exhausted
compas,D,42,2,LogisticRegression,0.7458,0.6888,False,age_cat,0.5159,0.2007,0.2169,True,,True,approve,violation remains but reroutes are exhausted
compas,D,7,0,LogisticRegression,0.7281,0.6698,False,sex,0.4736,0.255,0.2107,True,,True,reject_and_mitigate,fairness violation with reroutes remaining: mitigate
compas,D,7,0,LogisticRegression,0.7281,0.6698,False,age,0.476,0.3865,0.2864,True,60+=25,True,reject_and_mitigate,fairness violation with reroutes remaining: mitigate
compas,D,7,0,LogisticRegression,0.7281,0.6698,False,race,0.585,0.2139,0.2397,True,,True,reject_and_mitigate,fairness violation with reroutes remaining: mitigate
compas,D,7,0,LogisticRegression,0.7281,0.6698,False,age_cat,0.1734,0.6097,0.5139,True,,True,reject_and_mitigate,fairness violation with reroutes remaining: mitigate
compas,D,7,1,LogisticRegression,0.726,0.6734,False,sex,0.379,0.241,0.2656,True,,True,reject_and_mitigate,fairness violation with reroutes remaining: mitigate
compas,D,7,1,LogisticRegression,0.726,0.6734,False,age,0.8544,0.0523,0.1319,True,60+=25,False,reject_and_mitigate,fairness violation with reroutes remaining: mitigate
compas,D,7,1,LogisticRegression,0.726,0.6734,False,race,0.64,0.1419,0.1604,True,,True,reject_and_mitigate,fairness violation with reroutes remaining: mitigate
compas,D,7,1,LogisticRegression,0.726,0.6734,False,age_cat,0.7624,0.0888,0.1539,True,,True,reject_and_mitigate,fairness violation with reroutes remaining: mitigate
compas,D,7,2,LogisticRegression,0.7079,0.6639,False,sex,0.9577,0.0143,0.0639,True,,False,approve,violation remains but reroutes are exhausted
compas,D,7,2,LogisticRegression,0.7079,0.6639,False,age,0.9064,0.0327,0.098,True,60+=25,False,approve,violation remains but reroutes are exhausted
compas,D,7,2,LogisticRegression,0.7079,0.6639,False,race,0.5873,0.1643,0.1596,True,,True,approve,violation remains but reroutes are exhausted
compas,D,7,2,LogisticRegression,0.7079,0.6639,False,age_cat,0.7687,0.084,0.1114,True,,True,approve,violation remains but reroutes are exhausted
compas,D,19,0,LogisticRegression,0.7183,0.6805,False,sex,0.3607,0.3296,0.3609,True,,True,reject_and_mitigate,fairness violation with reroutes remaining: mitigate
compas,D,19,0,LogisticRegression,0.7183,0.6805,False,age,0.451,0.4324,0.3069,True,60+=27,True,reject_and_mitigate,fairness violation with reroutes remaining: mitigate
compas,D,19,0,LogisticRegression,0.7183,0.6805,False,race,0.4808,0.2939,0.2402,True,,True,reject_and_mitigate,fairness violation with reroutes remaining: mitigate
compas,D,19,0,LogisticRegression,0.7183,0.6805,False,age_cat,0.2482,0.5921,0.5188,True,,True,reject_and_mitigate,fairness violation with reroutes remaining: mitigate
compas,D,19,1,LogisticRegression,0.724,0.6757,False,sex,0.3317,0.281,0.2986,True,,True,reject_and_mitigate,fairness violation with reroutes remaining: mitigate
compas,D,19,1,LogisticRegression,0.724,0.6757,False,age,0.8982,0.0406,0.0133,True,60+=27,False,reject_and_mitigate,fairness violation with reroutes remaining: mitigate
compas,D,19,1,LogisticRegression,0.724,0.6757,False,race,0.468,0.2455,0.2193,True,,True,reject_and_mitigate,fairness violation with reroutes remaining: mitigate
compas,D,19,1,LogisticRegression,0.724,0.6757,False,age_cat,0.7702,0.0917,0.0353,True,,True,reject_and_mitigate,fairness violation with reroutes remaining: mitigate
compas,D,19,2,LogisticRegression,0.7171,0.6651,False,sex,0.9905,0.0034,0.0598,True,,False,approve,violation remains but reroutes are exhausted
compas,D,19,2,LogisticRegression,0.7171,0.6651,False,age,0.8742,0.0502,0.0341,True,60+=27,False,approve,violation remains but reroutes are exhausted
compas,D,19,2,LogisticRegression,0.7171,0.6651,False,race,0.5133,0.216,0.1819,True,,True,approve,violation remains but reroutes are exhausted
compas,D,19,2,LogisticRegression,0.7171,0.6651,False,age_cat,0.7561,0.0973,0.0413,True,,True,approve,violation remains but reroutes are exhausted
compas,D,73,0,LogisticRegression,0.7492,0.6757,False,sex,0.3453,0.324,0.3285,True,,True,reject_and_mitigate,fairness violation with reroutes remaining: mitigate
compas,D,73,0,LogisticRegression,0.7492,0.6757,False,age,0.3735,0.5221,0.3857,True,60+=24,True,reject_and_mitigate,fairness violation with reroutes remaining: mitigate
compas,D,73,0,LogisticRegression,0.7492,0.6757,False,race,0.4992,0.2728,0.3514,True,,True,reject_and_mitigate,fairness violation with reroutes remaining: mitigate
compas,D,73,0,LogisticRegression,0.7492,0.6757,False,age_cat,0.2324,0.6396,0.5248,True,,True,reject_and_mitigate,fairness violation with reroutes remaining: mitigate
compas,D,73,1,LogisticRegression,0.7563,0.6828,False,sex,0.2607,0.2873,0.3434,True,,True,reject_and_mitigate,fairness violation with reroutes remaining: mitigate
compas,D,73,1,LogisticRegression,0.7563,0.6828,False,age,0.9732,0.0092,0.0269,True,60+=24,False,reject_and_mitigate,fairness violation with reroutes remaining: mitigate
compas,D,73,1,LogisticRegression,0.7563,0.6828,False,race,0.5695,0.1746,0.2162,True,,True,reject_and_mitigate,fairness violation with reroutes remaining: mitigate
compas,D,73,1,LogisticRegression,0.7563,0.6828,False,age_cat,0.9612,0.0133,0.0616,True,,False,reject_and_mitigate,fairness violation with reroutes remaining: mitigate
compas,D,73,2,LogisticRegression,0.7498,0.6828,False,sex,0.7515,0.0879,0.0462,True,,True,approve,violation remains but reroutes are exhausted
compas,D,73,2,LogisticRegression,0.7498,0.6828,False,age,0.9825,0.006,0.0799,True,60+=24,False,approve,violation remains but reroutes are exhausted
compas,D,73,2,LogisticRegression,0.7498,0.6828,False,race,0.5942,0.1638,0.1743,True,,True,approve,violation remains but reroutes are exhausted
compas,D,73,2,LogisticRegression,0.7498,0.6828,False,age_cat,0.9583,0.0144,0.1241,True,,False,approve,violation remains but reroutes are exhausted
compas,D,128,0,LogisticRegression,0.7229,0.6722,False,sex,0.2693,0.3392,0.3868,True,,True,reject_and_mitigate,fairness violation with reroutes remaining: mitigate
compas,D,128,0,LogisticRegression,0.7229,0.6722,False,age,0.1494,0.6157,0.3072,True,,True,reject_and_mitigate,fairness violation with reroutes remaining: mitigate
compas,D,128,0,LogisticRegression,0.7229,0.6722,False,race,0.4575,0.2733,0.2734,True,,True,reject_and_mitigate,fairness violation with reroutes remaining: mitigate
compas,D,128,0,LogisticRegression,0.7229,0.6722,False,age_cat,0.1962,0.5818,0.5001,True,,True,reject_and_mitigate,fairness violation with reroutes remaining: mitigate
compas,D,128,1,LogisticRegression,0.7154,0.6544,False,sex,0.2605,0.2839,0.3189,True,,True,reject_and_mitigate,fairness violation with reroutes remaining: mitigate
compas,D,128,1,LogisticRegression,0.7154,0.6544,False,age,0.385,0.2158,0.1288,True,,True,reject_and_mitigate,fairness violation with reroutes remaining: mitigate
compas,D,128,1,LogisticRegression,0.7154,0.6544,False,race,0.4663,0.221,0.1912,True,,True,reject_and_mitigate,fairness violation with reroutes remaining: mitigate
compas,D,128,1,LogisticRegression,0.7154,0.6544,False,age_cat,0.4267,0.2291,0.1985,True,,True,reject_and_mitigate,fairness violation with reroutes remaining: mitigate
compas,D,128,2,LogisticRegression,0.7051,0.6497,False,sex,0.9367,0.0207,0.0031,True,,False,approve,violation remains but reroutes are exhausted
compas,D,128,2,LogisticRegression,0.7051,0.6497,False,age,0.473,0.1807,0.1591,True,,True,approve,violation remains but reroutes are exhausted
compas,D,128,2,LogisticRegression,0.7051,0.6497,False,race,0.4118,0.2447,0.2102,True,,True,approve,violation remains but reroutes are exhausted
compas,D,128,2,LogisticRegression,0.7051,0.6497,False,age_cat,0.4189,0.2286,0.1962,True,,True,approve,violation remains but reroutes are exhausted
